EXPENSE,VIREMENT VERS MME CATHERINE CHRISTO,50.00,2026-06-11,Uncategorized
INCOME,DATADOG FRANCE,30.98,2026-06-10,Salary
EXPENSE,SWISSLIFE ASSURANCE RETRAITE,362.78,2026-06-10,Finance
INCOME,SAS AIH FP,50.32,2026-06-09,Finance
EXPENSE,MONOPRIX,23.30,2026-06-08,Groceries
EXPENSE,BISTROT PAULETT,86.10,2026-06-07,Restaurants
EXPENSE,VAREL,4.10,2026-06-06,Groceries
EXPENSE,BIO COOP LES PA,3.21,2026-06-06,Lifestyle
EXPENSE,IKEA,70.94,2026-06-06,Housing
EXPENSE,VIREMENT VERS JULIETTE,54.00,2026-06-06,Lifestyle
EXPENSE,KITHIRA VAD,7.95,2026-06-05,Groceries
EXPENSE,AXA,99.68,2026-06-05,Finance
EXPENSE,FREEBOX,23.99,2026-06-05,Housing
EXPENSE,BPCE ASSURANCES,10.90,2026-06-05,Finance
EXPENSE,MONOPRIX,18.78,2026-06-04,Groceries
EXPENSE,PAPA,150.00,2026-06-02,Finance
EXPENSE,PEA YOMONI,400.00,2026-06-01,Finance
EXPENSE,SUREAVENIR,400.00,2026-06-01,Finance
EXPENSE,VIREMENT VERS ADN GESTION,1080.00,2026-06-01,Housing
INCOME,JULIETTE DORN,240.00,2026-06-01,Lifestyle
EXPENSE,MONOPRIX,33.53,2026-05-31,Groceries
EXPENSE,VAREL,6.30,2026-05-31,Groceries
EXPENSE,NOGENT NAUT 2,60.87,2026-05-30,Travel
EXPENSE,VIREMENT VERS N26 MARTIN GUYARD,200.00,2026-05-30,Transfer
INCOME,DATADOG FRANCE,3421.87,2026-05-29,Salary
EXPENSE,LE FALSTAFF,25.70,2026-05-27,Restaurants
EXPENSE,VAREL,1.60,2026-05-26,Groceries
EXPENSE,MONOPRIX,19.81,2026-05-26,Groceries
EXPENSE,11.86,26.30,2026-05-25,Groceries
EXPENSE,ARGEDIS,6.38,2026-05-25,Transport
INCOME,MARTIN JEROME WILLIAM G,4600.00,2026-05-25,Transfer
EXPENSE,VIREMENT VERS JULIETTE,26.95,2026-05-25,Lifestyle
EXPENSE,VIREMENT VERS N26 MARTIN GUYARD,200.00,2026-05-25,Transfer
EXPENSE,LE CARAHUTTA,67.70,2026-05-24,Travel
EXPENSE,STATIONNT HORO,0.30,2026-05-23,Finance
EXPENSE,EDF,35.47,2026-05-22,Housing
EXPENSE,BIO COOP LES PA,5.84,2026-05-21,Lifestyle
EXPENSE,MONOPRIX,18.84,2026-05-21,Groceries
EXPENSE,FREE MOBILE,30.98,2026-05-20,Housing
EXPENSE,KITHIRA VAD,16.65,2026-05-19,Groceries
INCOME,MARTIN JEROME WILLIAM G,1000.00,2026-05-19,Transfer
EXPENSE,COTISATIONS BANCAIRES,15.95,2026-05-18,Finance
INCOME,REMISE COTISATIONS,9.95,2026-05-18,Finance
EXPENSE,APPLE.COM/BILL,0.99,2026-05-17,Travel
EXPENSE,MONOPRIX,29.92,2026-05-17,Groceries
EXPENSE,MONOPRIX,24.91,2026-05-16,Groceries
EXPENSE,PLUMETTE ROTISS,62.74,2026-05-15,Groceries
EXPENSE,VAREL,1.20,2026-05-15,Groceries
EXPENSE,MONOPRIX,15.18,2026-05-14,Groceries
EXPENSE,BIO COOP LES PA,7.92,2026-05-14,Lifestyle
EXPENSE,HONG NGOC,11.50,2026-05-12,Groceries
EXPENSE,BIO COOP LES PA,13.09,2026-05-11,Lifestyle
EXPENSE,MONOPRIX,13.74,2026-05-11,Groceries
EXPENSE,SWISSLIFE ASSURANCE RETRAITE,362.78,2026-05-11,Finance
INCOME,JULIETTE DORN,120.00,2026-05-11,Lifestyle
INCOME,JULIETTE DORN,280.00,2026-05-11,Lifestyle
EXPENSE,LE BOEUF COURONNE - L'AMPHITRYON,162.74,2026-05-10,Restaurants
EXPENSE,BAR OLYMPIQUE,49.80,2026-05-09,Lifestyle
EXPENSE,MAISON MONARQUE,85.00,2026-05-09,Restaurants
EXPENSE,MOULIN VILGRIS,109.00,2026-05-09,Travel
EXPENSE,WELLPASS FR GY,23.00,2026-05-08,Lifestyle
EXPENSE,VAREL,5.60,2026-05-08,Groceries
EXPENSE,FAUVEAU LOC VELO,13.42,2026-05-08,Travel
EXPENSE,SOCIETE LE FOURNIL DE BIEVRES,11.70,2026-05-08,Groceries
INCOME,HENNER GMC,50.90,2026-05-08,Income
EXPENSE,VIREMENT VERS N26 MARTIN GUYARD,1000.00,2026-05-08,Transfer
EXPENSE,FREEBOX,23.99,2026-05-06,Housing
EXPENSE,VAREL,4.90,2026-05-05,Groceries
EXPENSE,MONOPRIX,17.04,2026-05-05,Groceries
EXPENSE,AXA,99.68,2026-05-05,Finance
EXPENSE,BPCE ASSURANCES,10.90,2026-05-05,Finance
EXPENSE,MONOPRIX,25.10,2026-05-04,Groceries
EXPENSE,SUREAVENIR,400.00,2026-05-04,Finance
EXPENSE,VIREMENT VERS ADN GESTION,1080.00,2026-05-04,Housing
EXPENSE,LES DELICES DE,9.50,2026-05-03,Groceries
EXPENSE,RESTO AU JARDIN,75.95,2026-05-02,Restaurants
EXPENSE,PEA YOMONI,400.00,2026-05-02,Finance
EXPENSE,PAPA,150.00,2026-05-02,Finance
EXPENSE,MONOPRIX,14.49,2026-04-30,Groceries
INCOME,DATADOG FRANCE,4377.24,2026-04-30,Salary
EXPENSE,MONOPRIX,19.97,2026-04-29,Groceries
INCOME,HENNER GMC,9.00,2026-04-29,Income
INCOME,HENNER GMC,25.35,2026-04-29,Income
EXPENSE,MONOPRIX,14.26,2026-04-28,Groceries
EXPENSE,CENTREVILLE,14.38,2026-04-27,Restaurants
EXPENSE,VIREMENT VERS N26 MARTIN GUYARD,100.00,2026-04-27,Transfer
EXPENSE,KITHIRA VAD,10.95,2026-04-26,Groceries
EXPENSE,CAFE DE LA POSTE,69.50,2026-04-26,Restaurants
EXPENSE,TOTAL,65.73,2026-04-26,Transport
EXPENSE,BIO COOP LES PA,3.24,2026-04-25,Lifestyle
EXPENSE,LAPOSTE L940520,2.02,2026-04-25,Lifestyle
EXPENSE,LE SABLE D'OR,9.80,2026-04-25,Groceries
EXPENSE,VAREL,4.10,2026-04-25,Groceries
EXPENSE,MONOPRIX,21.94,2026-04-23,Groceries
EXPENSE,MONOPRIX,25.22,2026-04-22,Groceries
EXPENSE,EDF,35.47,2026-04-22,Housing
EXPENSE,HONG NGOC,11.50,2026-04-21,Groceries
EXPENSE,MONOPRIX,11.62,2026-04-20,Groceries
EXPENSE,BHARATI,22.95,2026-04-19,Restaurants
EXPENSE,EXPRESS OIL,10.00,2026-04-19,Transport
EXPENSE,SARL CISEAU D'OR,18.00,2026-04-18,Lifestyle
EXPENSE,VIREMENT VERS JULIETTE,9.00,2026-04-18,Lifestyle
EXPENSE,APPLE.COM/BILL,0.99,2026-04-17,Travel
EXPENSE,MONOPRIX,3.78,2026-04-17,Groceries
EXPENSE,FREE MOBILE,30.98,2026-04-17,Housing
EXPENSE,ZEN NOGENT,12.41,2026-04-16,Lifestyle
EXPENSE,MONOPRIX,18.36,2026-04-16,Groceries
INCOME,DATADOG FRANCE,61.96,2026-04-16,Salary
EXPENSE,COTISATIONS BANCAIRES,15.95,2026-04-16,Finance
INCOME,REMISE COTISATIONS,9.95,2026-04-16,Finance
EXPENSE,VAREL,2.70,2026-04-15,Groceries
INCOME,HENNER GMC,9.00,2026-04-15,Income
EXPENSE,Parc Asterix,25.10,2026-04-14,Restaurants
INCOME,HENNER GMC,7.50,2026-04-14,Income
INCOME,SAS AIH FP,50.32,2026-04-14,Finance
EXPENSE,MONOPRIX,17.43,2026-04-13,Groceries
EXPENSE,MONOPRIX,7.98,2026-04-13,Groceries
EXPENSE,VIREMENT VERS N26 MARTIN GUYARD,100.00,2026-04-13,Transfer
EXPENSE,MONOPRIX,26.51,2026-04-12,Groceries
EXPENSE,MONOPRIX,22.77,2026-04-11,Groceries
EXPENSE,ZEN NOGENT,10.79,2026-04-10,Lifestyle
EXPENSE,SWISSLIFE ASSURANCE RETRAITE,362.78,2026-04-10,Finance
INCOME,CPAM 94,15.50,2026-04-10,Income
EXPENSE,HONG NGOC,11.50,2026-04-09,Groceries
EXPENSE,WELLPASS FR GY,23.00,2026-04-08,Lifestyle
EXPENSE,MONOPRIX,25.76,2026-04-08,Groceries
INCOME,JULIETTE DORN,280.00,2026-04-08,Lifestyle
EXPENSE,FREEBOX,23.99,2026-04-08,Housing
EXPENSE,AXA,99.68,2026-04-07,Finance
EXPENSE,BPCE ASSURANCES,9.90,2026-04-07,Finance
EXPENSE,VIREMENT VERS ADN GESTION,1080.00,2026-04-07,Housing
EXPENSE,VAREL,4.10,2026-04-06,Groceries
EXPENSE,MONOPRIX,29.81,2026-04-06,Groceries
EXPENSE,MONOPRIX,4.22,2026-04-06,Groceries
EXPENSE,MONOPRIX,14.03,2026-04-04,Groceries
EXPENSE,VIREMENT VERS JULIETTE,80.00,2026-04-03,Lifestyle
EXPENSE,ZEN NOGENT,10.49,2026-04-02,Lifestyle
EXPENSE,STUDIO HAIR'S,28.00,2026-04-02,Lifestyle
EXPENSE,PAPA,150.00,2026-04-02,Finance
EXPENSE,VAREL,4.10,2026-04-01,Groceries
EXPENSE,MONOPRIX,9.91,2026-04-01,Groceries
EXPENSE,MONOPRIX,11.62,2026-04-01,Groceries
EXPENSE,SUREAVENIR,400.00,2026-04-01,Finance
EXPENSE,PEA YOMONI,400.00,2026-04-01,Finance
EXPENSE,PP MARTYRS,13.00,2026-03-31,Lifestyle
EXPENSE,Bruno HALIOUA,75.00,2026-03-31,Health
EXPENSE,KITHIRA VAD,8.00,2026-03-28,Groceries
EXPENSE,VAREL,4.10,2026-03-28,Groceries
EXPENSE,MONOPRIX,16.31,2026-03-28,Groceries
EXPENSE,SQ NOI RESTAUR,19.80,2026-03-27,Restaurants
INCOME,DATADOG FRANCE,4080.88,2026-03-27,Salary
EXPENSE,VAREL,2.70,2026-03-26,Groceries
EXPENSE,MONOPRIX,6.78,2026-03-26,Groceries
EXPENSE,MONOPRIX,21.25,2026-03-25,Groceries
EXPENSE,HONG NGOC,11.50,2026-03-24,Groceries
EXPENSE,EDF,35.47,2026-03-23,Housing
EXPENSE,BHARATI,26.10,2026-03-22,Restaurants
EXPENSE,FUXIA L'EPICERIE,7.80,2026-03-21,Restaurants
EXPENSE,VAREL,4.10,2026-03-21,Groceries
EXPENSE,MONOPRIX,15.90,2026-03-21,Groceries
EXPENSE,MONOPRIX,19.53,2026-03-20,Groceries
INCOME,SAS AIH FP,50.32,2026-03-20,Finance
EXPENSE,LE FOURNIL DE NOGENT,5.00,2026-03-19,Groceries
EXPENSE,BIBIMBAR,12.00,2026-03-19,Groceries
INCOME,HENNER GMC,37.59,2026-03-18,Income
EXPENSE,FREE MOBILE,30.98,2026-03-18,Housing
EXPENSE,MAMA THAI,65.30,2026-03-17,Restaurants
EXPENSE,APPLE.COM/BILL,0.99,2026-03-17,Travel
EXPENSE,MONOPRIX,23.52,2026-03-16,Groceries
INCOME,REMISE COTISATIONS,9.95,2026-03-16,Finance
EXPENSE,COTISATIONS BANCAIRES,15.95,2026-03-16,Finance
INCOME,CPAM 94,35.24,2026-03-16,Income
EXPENSE,VIREMENT VERS N26 MARTIN GUYARD,500.00,2026-03-16,Transfer
EXPENSE,VIREMENT VERS N26 MARTIN GUYARD,100.00,2026-03-16,Transfer
EXPENSE,LE SABLE D'OR,5.20,2026-03-15,Groceries
EXPENSE,MONOPRIX,19.65,2026-03-15,Groceries
EXPENSE,KITHIRA VAD,13.15,2026-03-14,Groceries
EXPENSE,MONOPRIX,22.06,2026-03-12,Groceries
EXPENSE,HONG NGOC,11.50,2026-03-12,Groceries
EXPENSE,PLUMETTE ROTISS,7.90,2026-03-11,Groceries
INCOME,HENNER GMC,9.20,2026-03-11,Income
EXPENSE,MONOPRIX,11.06,2026-03-10,Groceries
INCOME,JULIETTE DORN,280.00,2026-03-10,Lifestyle
EXPENSE,SWISSLIFE ASSURANCE RETRAITE,362.78,2026-03-10,Finance
EXPENSE,VIREMENT VERS N26 MARTIN GUYARD,100.00,2026-03-09,Transfer
INCOME,CPAM 94,13.80,2026-03-09,Income
EXPENSE,CAB NOGENT,71.00,2026-03-08,Restaurants
EXPENSE,WELLPASS FR GY,23.00,2026-03-08,Lifestyle
EXPENSE,DOCTEUR CLEDES,165.00,2026-03-06,Health
EXPENSE,AXA,99.68,2026-03-05,Finance
EXPENSE,FREEBOX,23.99,2026-03-05,Housing
EXPENSE,BPCE ASSURANCES,9.90,2026-03-05,Finance
EXPENSE,MONOPRIX,19.92,2026-03-04,Groceries
EXPENSE,DOCTEUR CLEDES,23.00,2026-03-04,Health
EXPENSE,HONG NGOC,11.50,2026-03-03,Groceries
EXPENSE,VIREMENT VERS JULIETTE,20.00,2026-03-03,Lifestyle
EXPENSE,SUREAVENIR,400.00,2026-03-03,Finance
EXPENSE,VIREMENT VERS ADN GESTION,1080.00,2026-03-02,Housing
EXPENSE,PEA YOMONI,400.00,2026-03-02,Finance
EXPENSE,PAPA,150.00,2026-03-02,Finance
EXPENSE,BIO COOP LES PA,7.30,2026-02-28,Lifestyle
EXPENSE,LE FOURNIL DE NOGENT,3.80,2026-02-28,Groceries
EXPENSE,MONOPRIX,24.92,2026-02-27,Groceries
INCOME,DATADOG FRANCE,4138.67,2026-02-27,Salary
EXPENSE,BIO COOP LES PA,5.09,2026-02-25,Lifestyle
EXPENSE,MONOPRIX,14.60,2026-02-25,Groceries
EXPENSE,VIREMENT VERS N26 MARTIN GUYARD,100.00,2026-02-25,Transfer
EXPENSE,HONG NGOC,11.50,2026-02-24,Groceries
EXPENSE,MONOPRIX,13.89,2026-02-24,Groceries
EXPENSE,MONOPRIX,11.77,2026-02-23,Groceries
EXPENSE,EDF,35.47,2026-02-23,Housing
EXPENSE,KITHIRA VAD,14.50,2026-02-22,Groceries
EXPENSE,MAT VINCENNES,68.40,2026-02-21,Groceries
EXPENSE,MONOPRIX,14.43,2026-02-19,Groceries
EXPENSE,MONOPRIX,13.43,2026-02-18,Groceries
EXPENSE,FREE MOBILE,30.98,2026-02-18,Housing
EXPENSE,APPLE.COM/BILL,0.99,2026-02-17,Travel
EXPENSE,COTISATIONS BANCAIRES,15.95,2026-02-16,Finance
INCOME,REMISE COTISATIONS,9.95,2026-02-16,Finance
EXPENSE,MONOPRIX,23.10,2026-02-14,Groceries
INCOME,Juliette DORN,380.00,2026-02-11,Lifestyle
INCOME,DATADOG FRANCE,30.98,2026-02-11,Salary
INCOME,SAS AIH FP,50.32,2026-02-11,Finance
EXPENSE,MONOPRIX,21.09,2026-02-10,Groceries
EXPENSE,SWISSLIFE ASSURANCE RETRAITE,362.78,2026-02-10,Finance
EXPENSE,VIREMENT VERS ADN GESTION,783.00,2026-02-09,Housing
EXPENSE,WELLPASS FR GY,23.00,2026-02-08,Lifestyle
EXPENSE,MONOPRIX,25.15,2026-02-07,Groceries
INCOME,CB UNIQLO EUROPE L,56.65,2026-02-07,Income
EXPENSE,FREEBOX,23.99,2026-02-05,Housing
EXPENSE,AXA,99.68,2026-02-05,Finance
EXPENSE,BPCE ASSURANCES,9.90,2026-02-05,Finance
EXPENSE,VIREMENT VERS ADN GESTION,1080.00,2026-02-04,Housing
EXPENSE,SUREAVENIR,400.00,2026-02-03,Finance
EXPENSE,PAPA,150.00,2026-02-02,Finance
EXPENSE,PEA YOMONI,400.00,2026-02-02,Finance
EXPENSE,MONOPRIX,26.92,2026-02-01,Groceries
EXPENSE,KITHIRA VAD,7.70,2026-01-31,Groceries
EXPENSE,MONOPRIX,12.53,2026-01-29,Groceries
INCOME,DATADOG FRANCE,4055.17,2026-01-29,Salary
EXPENSE,MONOPRIX,29.35,2026-01-24,Groceries
EXPENSE,MONOPRIX,19.69,2026-01-22,Groceries
EXPENSE,EDF,35.47,2026-01-22,Housing
INCOME,M DORN LEO,30.00,2026-01-21,Uncategorized
EXPENSE,FREE MOBILE,30.98,2026-01-19,Housing
EXPENSE,MONOPRIX,27.50,2026-01-18,Groceries
EXPENSE,APPLE.COM/BILL,0.99,2026-01-17,Travel
EXPENSE,THE GAME - ESCA,30.00,2026-01-17,Travel
EXPENSE,IKEA,110.98,2026-01-17,Housing
EXPENSE,VAREL,5.50,2026-01-17,Groceries
EXPENSE,MONOPRIX,30.40,2026-01-17,Groceries
EXPENSE,KITHIRA VAD,13.15,2026-01-16,Groceries
EXPENSE,HONG NGOC,11.50,2026-01-15,Groceries
INCOME,REMISE COTISATIONS,9.95,2026-01-15,Finance
EXPENSE,COTISATIONS BANCAIRES,15.95,2026-01-15,Finance
EXPENSE,PICARD,14.54,2026-01-14,Groceries
EXPENSE,MONOPRIX,6.57,2026-01-14,Groceries
INCOME,DATADOG FRANCE,30.98,2026-01-14,Salary
EXPENSE,MONOPRIX,17.70,2026-01-13,Groceries
INCOME,SAS AIH FP,50.32,2026-01-13,Finance
EXPENSE,SWISSLIFE ASSURANCE RETRAITE,362.78,2026-01-12,Finance
EXPENSE,WEB AMENDE.GOUV,45.00,2026-01-09,Finance
EXPENSE,WELLPASS FR GY,23.00,2026-01-08,Lifestyle
EXPENSE,MONOPRIX,18.66,2026-01-08,Groceries
EXPENSE,MONOPRIX,19.02,2026-01-07,Groceries
EXPENSE,FREEBOX,23.99,2026-01-07,Housing
EXPENSE,VIREMENT VERS ADN GESTION,1080.00,2026-01-06,Housing
EXPENSE,AXA,99.68,2026-01-05,Finance
EXPENSE,BPCE ASSURANCES,9.90,2026-01-05,Finance
EXPENSE,MONOPRIX,15.28,2026-01-04,Groceries
EXPENSE,Klarna Back Mar,445.00,2026-01-03,Groceries
EXPENSE,MONOPRIX,10.23,2026-01-03,Groceries
EXPENSE,VAREL,5.50,2026-01-02,Groceries
EXPENSE,MONOPRIX,16.66,2026-01-02,Groceries
EXPENSE,PAPA,150.00,2026-01-02,Finance
EXPENSE,PEA YOMONI,400.00,2026-01-02,Finance
EXPENSE,SUREAVENIR,400.00,2026-01-02,Finance
EXPENSE,KITHIRA VAD,25.25,2026-01-01,Groceries
EXPENSE,RESTAURANT GOURMETS,11.00,2025-12-30,Restaurants
EXPENSE,PICARD,42.10,2025-12-30,Groceries
INCOME,DATADOG FRANCE,4241.77,2025-12-29,Salary
EXPENSE,CHAPON,42.00,2025-12-28,Groceries
EXPENSE,MONOPRIX,7.48,2025-12-26,Groceries
EXPENSE,MONOPRIX,12.89,2025-12-24,Groceries
EXPENSE,LE POINT DO,280.00,2025-12-23,Restaurants
EXPENSE,ABN,4.50,2025-12-23,Travel
EXPENSE,PLUMETTE ROTISS,7.90,2025-12-23,Groceries
EXPENSE,EDF,35.47,2025-12-22,Housing
EXPENSE,VAREL,8.80,2025-12-21,Groceries
EXPENSE,TOTAL,60.00,2025-12-20,Transport
EXPENSE,KITHIRA VAD,14.70,2025-12-19,Groceries
EXPENSE,MONOPRIX,20.20,2025-12-18,Groceries
EXPENSE,FREE MOBILE,30.98,2025-12-18,Housing
EXPENSE,HAST PARIS,355.00,2025-12-17,Lifestyle
EXPENSE,LORETTE,35.00,2025-12-17,Restaurants
EXPENSE,APPLE.COM/BILL,0.99,2025-12-17,Travel
EXPENSE,COTISATIONS BANCAIRES,15.65,2025-12-17,Finance
INCOME,REMISE COTISATIONS,9.65,2025-12-17,Finance
EXPENSE,MONOPRIX,17.80,2025-12-16,Groceries
EXPENSE,JULIETTE,50.00,2025-12-16,Lifestyle
INCOME,SAS AIH FP,51.35,2025-12-16,Finance
INCOME,HENNER-GMC,50.00,2025-12-16,Health
INCOME,CB Suit Supply,238.00,2025-12-15,Income
EXPENSE,MONOPRIX,33.68,2025-12-14,Groceries
EXPENSE,PAUSE CAFE,9.00,2025-12-13,Restaurants
EXPENSE,MONOPRIX,21.63,2025-12-12,Groceries
EXPENSE,MONOPRIX,4.90,2025-12-10,Groceries
INCOME,Free Telecom,49.00,2025-12-10,Housing
INCOME,DATADOG FRANCE,30.98,2025-12-10,Salary
EXPENSE,SWISSLIFE ASSURANCE RETRAITE,355.53,2025-12-10,Finance
EXPENSE,Wise,20.22,2025-12-09,Finance
EXPENSE,MONOPRIX,18.03,2025-12-09,Groceries
INCOME,Martin Guyard,6300.00,2025-12-09,Transfer
EXPENSE,AXA,99.68,2025-12-05,Finance
EXPENSE,FREEBOX,23.99,2025-12-05,Housing
EXPENSE,BPCE ASSURANCES,9.90,2025-12-05,Finance
EXPENSE,SP KONOTOREE,81.49,2025-12-04,Travel
EXPENSE,TYPOLOGY,58.90,2025-12-04,Lifestyle
EXPENSE,UNIQLO EUROPE L,179.30,2025-12-04,Lifestyle
EXPENSE,SEZAME,378.00,2025-12-03,Travel
EXPENSE,KLARNA BACK MAR,222.49,2025-12-03,Finance
EXPENSE,MONOPRIX,7.61,2025-12-03,Groceries
EXPENSE,MY LUBIE,85.00,2025-12-03,Lifestyle
EXPENSE,ADN GESTION,1080.00,2025-12-03,Housing
EXPENSE,MONOPRIX,20.94,2025-12-02,Groceries
EXPENSE,PAPA,150.00,2025-12-02,Finance
EXPENSE,PEA YOMONI,400.00,2025-12-01,Finance
EXPENSE,SUREAVENIR,400.00,2025-12-01,Finance
EXPENSE,MONOPRIX,29.29,2025-11-30,Groceries
EXPENSE,LE FOURNIL DE NOGENT,2.50,2025-11-29,Groceries
EXPENSE,MONOPRIX,19.30,2025-11-29,Groceries
EXPENSE,KITHIRA VAD,13.65,2025-11-28,Groceries
INCOME,DATADOG FRANCE,3186.60,2025-11-28,Salary
EXPENSE,Suit Supply,238.00,2025-11-27,Lifestyle
EXPENSE,Dickieslife Eur,75.00,2025-11-27,Lifestyle
EXPENSE,JULES,23.45,2025-11-27,Lifestyle
EXPENSE,PHARMACIE DU MARCHE,37.80,2025-11-26,Health
EXPENSE,SP SOLOVAIR EU,219.00,2025-11-26,Lifestyle
EXPENSE,MONOPRIX,29.31,2025-11-26,Groceries
EXPENSE,ZEN NOGENT,11.67,2025-11-25,Lifestyle
EXPENSE,EDF,35.47,2025-11-24,Housing
EXPENSE,ETABLISSEMENTS NICOLAS,13.95,2025-11-23,Groceries
EXPENSE,OSTERIA,31.00,2025-11-22,Restaurants
EXPENSE,MONOPRIX,11.59,2025-11-21,Groceries
EXPENSE,BIBIMBAR,12.00,2025-11-20,Groceries
EXPENSE,MONOPRIX,10.24,2025-11-19,Groceries
EXPENSE,FREE MOBILE,30.98,2025-11-19,Housing
INCOME,SAS AIH FP,51.35,2025-11-18,Finance
EXPENSE,MONOPRIX,15.24,2025-11-17,Groceries
EXPENSE,COTISATIONS BANCAIRES,17.40,2025-11-17,Finance
INCOME,REMISE COTISATIONS,3.78,2025-11-17,Finance
INCOME,REMISE COTISATIONS,1.08,2025-11-17,Finance
EXPENSE,MONOPRIX,35.02,2025-11-15,Groceries
EXPENSE,MONOPRIX,11.96,2025-11-12,Groceries
INCOME,DATADOG FRANCE,245.99,2025-11-12,Salary
INCOME,HENNER-GMC,41.20,2025-11-12,Health
EXPENSE,SWISSLIFE ASSURANCE RETRAITE,355.53,2025-11-10,Finance
EXPENSE,E.LECLERC,5.00,2025-11-09,Transport
EXPENSE,DISTRIBUTEUR AUTOMATIQUE,2.00,2025-11-08,Groceries
EXPENSE,MONOPRIX,16.86,2025-11-07,Groceries
INCOME,CPAM 94,11.80,2025-11-07,Income
EXPENSE,MONOPRIX,24.60,2025-11-06,Groceries
EXPENSE,FREEBOX,95.43,2025-11-06,Housing
EXPENSE,AXA,99.68,2025-11-05,Finance
EXPENSE,BPCE ASSURANCES,9.90,2025-11-05,Finance
EXPENSE,MONOPRIX,20.12,2025-11-04,Groceries
EXPENSE,SELARL DU DOCTEUR GOURE-HERVIER,55.00,2025-11-03,Health
EXPENSE,PEA YOMONI,400.00,2025-11-03,Finance
EXPENSE,SUREAVENIR,400.00,2025-11-03,Finance
EXPENSE,MONOPRIX,18.25,2025-11-02,Groceries
EXPENSE,BIO COOP LES PA,1.20,2025-11-01,Lifestyle
EXPENSE,LE FOURNIL DE NOGENT,5.00,2025-11-01,Groceries
EXPENSE,VIBRATION GOURMANDES,10.20,2025-11-01,Groceries
EXPENSE,ADN GESTION,1080.00,2025-10-31,Housing
INCOME,SOCIETE FRANCAISE DU R,6.90,2025-10-29,Uncategorized
INCOME,DATADOG FRANCE,3226.35,2025-10-29,Salary
EXPENSE,SOCIETE DES AUTOROUTES PARIS NORMANDIE S.A.P.N.,18.20,2025-10-27,Transport
EXPENSE,JADOR,86.50,2025-10-26,Restaurants
EXPENSE,DISTRIBUTEUR AUTOMATIQUE,2.40,2025-10-25,Groceries
EXPENSE,LA MUSARDIERE,134.10,2025-10-25,Lifestyle
EXPENSE,TOTAL,60.20,2025-10-25,Transport
EXPENSE,GLACES DE TESS,9.00,2025-10-25,Groceries
EXPENSE,SANEF,5.20,2025-10-25,Transport
EXPENSE,SANEF,10.20,2025-10-25,Transport
INCOME,CB MONOPRIX,13.34,2025-10-24,Income
EXPENSE,MONOPRIX,19.95,2025-10-23,Groceries
EXPENSE,Bulk,83.53,2025-10-23,Lifestyle
EXPENSE,CRUX CLUB NOGEN,120.00,2025-10-22,Lifestyle
EXPENSE,MONOPRIX,13.20,2025-10-22,Groceries
EXPENSE,EDF,35.47,2025-10-22,Housing
EXPENSE,MONOPRIX,19.07,2025-10-21,Groceries
EXPENSE,RETRAIT D'ESPECES CB BRED NOGENT SUR,20.00,2025-10-21,Transfer
EXPENSE,FREE MOBILE,20.99,2025-10-20,Housing
EXPENSE,APPLE.COM/BILL,0.99,2025-10-19,Travel
EXPENSE,AMAZON,5.49,2025-10-19,Lifestyle
EXPENSE,JULIETTE,55.00,2025-10-18,Lifestyle
EXPENSE,MONOPRIX,13.34,2025-10-17,Groceries
EXPENSE,MONOPRIX,13.34,2025-10-17,Groceries
EXPENSE,MONOPRIX,23.42,2025-10-16,Groceries
EXPENSE,HONG NGOC,11.00,2025-10-16,Groceries
EXPENSE,COTISATIONS BANCAIRES,17.40,2025-10-16,Finance
INCOME,REMISE COTISATIONS,3.78,2025-10-16,Finance
INCOME,REMISE COTISATIONS,1.08,2025-10-16,Finance
EXPENSE,BHARATI,22.95,2025-10-15,Restaurants
EXPENSE,AMAZON,37.87,2025-10-15,Lifestyle
EXPENSE,HONG NGOC,11.00,2025-10-14,Groceries
EXPENSE,SFR,13.99,2025-10-13,Housing
EXPENSE,SANTANDER CONSUMER FRANCE,180.97,2025-10-13,Finance
EXPENSE,LE FOURNIL DE NOGENT,2.50,2025-10-11,Groceries
EXPENSE,SANEF,2.40,2025-10-11,Transport
EXPENSE,SANEF,2.40,2025-10-11,Transport
EXPENSE,MONOPRIX,15.17,2025-10-10,Groceries
EXPENSE,SWISSLIFE ASSURANCE RETRAITE,355.53,2025-10-10,Finance
INCOME,SAS AIH FP,51.35,2025-10-10,Finance
EXPENSE,DOLSOT,15.00,2025-10-09,Restaurants
EXPENSE,MAISON DES SAVE,7.50,2025-10-08,Groceries
EXPENSE,HONG NGOC,11.00,2025-10-07,Groceries
EXPENSE,MONOPRIX,11.95,2025-10-07,Groceries
EXPENSE,AMAZON,6.99,2025-10-06,Lifestyle
EXPENSE,AXA,106.18,2025-10-06,Finance
EXPENSE,BPCE ASSURANCES,9.90,2025-10-06,Finance
EXPENSE,LE FOURNIL DE NOGENT,3.80,2025-10-04,Groceries
EXPENSE,MONOPRIX,21.99,2025-10-03,Groceries
EXPENSE,ADN GESTION,1080.00,2025-10-03,Housing
EXPENSE,BIO COOP LES PA,8.50,2025-10-01,Lifestyle
EXPENSE,SUREAVENIR,400.00,2025-10-01,Finance
EXPENSE,PEA YOMONI,400.00,2025-10-01,Finance
EXPENSE,HONG NGOC,11.00,2025-09-30,Groceries
INCOME,DATADOG FRANCE,3174.69,2025-09-30,Salary
EXPENSE,DENT MASTER,290.00,2025-09-29,Housing
EXPENSE,MONOPRIX,9.70,2025-09-29,Groceries
EXPENSE,Lydia Lydia Sol,200.00,2025-09-27,Finance
EXPENSE,MONOPRIX,16.98,2025-09-27,Groceries
EXPENSE,FREE MOBILE,318.99,2025-09-27,Housing
EXPENSE,ESPACE 26,14.00,2025-09-26,Transport
EXPENSE,MONOPRIX,9.42,2025-09-24,Groceries
INCOME,BOUYGUES TELECOM,9.58,2025-09-24,Housing
EXPENSE,MONOPRIX,12.92,2025-09-23,Groceries
EXPENSE,Crux club,120.00,2025-09-22,Lifestyle
EXPENSE,MONOPRIX,24.95,2025-09-22,Groceries
EXPENSE,EDF,35.47,2025-09-22,Housing
EXPENSE,COURTEPAILLE,66.77,2025-09-20,Transport
EXPENSE,SELECTA,2.70,2025-09-20,Lifestyle
EXPENSE,ZEN NOGENT,12.34,2025-09-20,Lifestyle
EXPENSE,BURGER KING,11.70,2025-09-20,Groceries
EXPENSE,COFIROUTE,0.90,2025-09-20,Transport
EXPENSE,COFIROUTE,2.90,2025-09-20,Transport
EXPENSE,COFIROUTE,30.50,2025-09-20,Transport
EXPENSE,INDIGO,3.00,2025-09-20,Transport
EXPENSE,UCPA SPORT VACANCES,3.20,2025-09-19,Travel
EXPENSE,UCPA SPORT VACANCES,6.20,2025-09-19,Travel
EXPENSE,UCPA SPORT VACANCES,5.50,2025-09-17,Travel
EXPENSE,PHARMACIE DES HALLES,17.40,2025-09-16,Health
EXPENSE,UCPA SPORT VACANCES,3.00,2025-09-16,Travel
EXPENSE,DECATHLON,44.99,2025-09-16,Travel
EXPENSE,UCPA SPORT VACANCES,9.00,2025-09-16,Travel
INCOME,REMISE COTISATIONS,5.99,2025-09-16,Finance
INCOME,REMISE COTISATIONS,1.08,2025-09-16,Finance
EXPENSE,COTISATIONS BANCAIRES,17.40,2025-09-16,Finance
EXPENSE,UCPA SPORT VACANCES,4.90,2025-09-15,Travel
EXPENSE,COFIROUTE,21.00,2025-09-14,Transport
EXPENSE,COFIROUTE,7.80,2025-09-14,Transport
EXPENSE,PETRO OUEST,68.98,2025-09-14,Transport
EXPENSE,COFIROUTE,2.90,2025-09-14,Transport
EXPENSE,UCPA SPORT VACANCES,3.00,2025-09-14,Travel
EXPENSE,MONOPRIX,12.58,2025-09-13,Groceries
EXPENSE,DECATHLON,9.99,2025-09-13,Travel
EXPENSE,PARFUMERIECHATE,90.00,2025-09-13,Lifestyle
EXPENSE,PHARMACIE DE LA MAIRIE,29.99,2025-09-13,Health
EXPENSE,JULIETTE,50.00,2025-09-13,Lifestyle
EXPENSE,SUMUP NEW DEV,66.30,2025-09-12,Restaurants
EXPENSE,SFR,13.99,2025-09-12,Housing
INCOME,HENNER-GMC,9.00,2025-09-12,Health
EXPENSE,SANTANDER CONSUMER FRANCE,180.97,2025-09-11,Finance
EXPENSE,MONOPRIX,23.53,2025-09-10,Groceries
EXPENSE,SWISSLIFE ASSURANCE RETRAITE,355.53,2025-09-10,Finance
EXPENSE,HONG NGOC,6.50,2025-09-09,Groceries
INCOME,SAS AIH FP,51.35,2025-09-09,Finance
INCOME,CPAM 94,19.00,2025-09-09,Income
EXPENSE,SODILINE,432.76,2025-09-08,Transport
EXPENSE,MONOPRIX,30.17,2025-09-08,Groceries
EXPENSE,MONOPRIX,11.85,2025-09-07,Groceries
EXPENSE,AMAZON,6.99,2025-09-06,Lifestyle
EXPENSE,MONOPRIX,25.09,2025-09-06,Groceries
EXPENSE,AXA,93.12,2025-09-05,Finance
EXPENSE,BOUYGUES TELECOM,32.99,2025-09-05,Housing
EXPENSE,BPCE ASSURANCES,9.90,2025-09-05,Finance
EXPENSE,LE FOURNIL DE NOGENT,2.40,2025-09-04,Groceries
EXPENSE,DR GENIN,30.00,2025-09-04,Health
EXPENSE,STUDIO HAIR'S,28.00,2025-09-02,Lifestyle
EXPENSE,MONOPRIX,21.27,2025-09-01,Groceries
INCOME,Juliette DORN,445.00,2025-09-01,Lifestyle
EXPENSE,ADN GESTION,1080.00,2025-09-01,Housing
EXPENSE,PEA YOMONI,400.00,2025-09-01,Finance
EXPENSE,SUREAVENIR,400.00,2025-09-01,Finance
EXPENSE,BHARATI,22.95,2025-08-30,Restaurants
EXPENSE,LE FOURNIL DE NOGENT,5.00,2025-08-30,Groceries
EXPENSE,YOL,9.00,2025-08-29,Groceries
INCOME,DATADOG FRANCE,2874.76,2025-08-29,Salary
EXPENSE,MONOPRIX,17.14,2025-08-27,Groceries
INCOME,Juliette DORN,62.00,2025-08-27,Lifestyle
EXPENSE,EDF,15.89,2025-08-25,Housing
EXPENSE,AVIA,59.41,2025-08-23,Transport
EXPENSE,ENI9155CAPTIEUX,1.85,2025-08-23,Transport
EXPENSE,MACARON ADAM,58.80,2025-08-22,Groceries
EXPENSE,PIKA-OSTATUA,12.50,2025-08-21,Groceries
EXPENSE,LES DELICES DE LA FERMIERE,18.90,2025-08-21,Groceries
EXPENSE,Poza,109.51,2025-08-20,Restaurants
EXPENSE,RELAIS MARNE ET VERDUN,70.00,2025-08-19,Transport
EXPENSE,SQ COCOON,18.00,2025-08-19,Groceries
EXPENSE,DURAND YANN PAS,53.50,2025-08-18,Restaurants
EXPENSE,CARREFOUR EXPRESS,13.78,2025-08-18,Groceries
EXPENSE,COTISATIONS BANCAIRES,17.40,2025-08-18,Finance
INCOME,REMISE COTISATIONS,5.99,2025-08-18,Finance
INCOME,REMISE COTISATIONS,1.08,2025-08-18,Finance
EXPENSE,PEAGE AUTOROUTE,9.30,2025-08-17,Transport
EXPENSE,PEAGE AUTOROUTE,1.20,2025-08-17,Transport
EXPENSE,CA PEM CD,0.80,2025-08-16,Transport
EXPENSE,PEAGE AUTOROUTE,20.20,2025-08-15,Transport
EXPENSE,PEAGE AUTOROUTE,32.70,2025-08-15,Transport
EXPENSE,COFIROUTE,1.70,2025-08-15,Transport
EXPENSE,COFIROUTE,25.90,2025-08-15,Transport
EXPENSE,PEAGE AUTOROUTE,19.00,2025-08-15,Transport
EXPENSE,ENI9155CAPTIEUX,3.80,2025-08-15,Transport
EXPENSE,SHELL,61.70,2025-08-15,Transport
EXPENSE,SHELL,9.19,2025-08-15,Transport
INCOME,HENNER-GMC,43.00,2025-08-15,Health
EXPENSE,MONOPRIX,28.20,2025-08-14,Groceries
EXPENSE,MAISON DES SAVE,2.50,2025-08-12,Groceries
EXPENSE,MONOPRIX,19.69,2025-08-12,Groceries
EXPENSE,SFR,13.99,2025-08-12,Housing
INCOME,CPAM 94,40.00,2025-08-12,Income
EXPENSE,SANTANDER CONSUMER FRANCE,180.97,2025-08-11,Finance
EXPENSE,SWISSLIFE ASSURANCE RETRAITE,355.53,2025-08-11,Finance
INCOME,SAS AIH FP,51.35,2025-08-11,Finance
EXPENSE,PAULY,32.85,2025-08-10,Restaurants
EXPENSE,MONOPRIX,37.71,2025-08-09,Groceries
EXPENSE,HADDAD AXEL,85.00,2025-08-07,Health
EXPENSE,AMAZON,6.99,2025-08-06,Lifestyle
EXPENSE,MONOPRIX,18.55,2025-08-06,Groceries
EXPENSE,UCPA SPORT VACANCES,560.05,2025-08-05,Travel
EXPENSE,BOUYGUES TELECOM,32.99,2025-08-05,Housing
EXPENSE,AXA,93.12,2025-08-05,Finance
EXPENSE,BPCE ASSURANCES,9.90,2025-08-05,Finance
EXPENSE,OSTERIA,62.50,2025-08-04,Restaurants
INCOME,Juliette DORN,445.00,2025-08-04,Lifestyle
EXPENSE,BISTROT ITALIEN,52.00,2025-08-03,Restaurants
EXPENSE,TOTAL,60.00,2025-08-03,Transport
EXPENSE,MAISON DES SAVE,5.00,2025-08-02,Groceries
EXPENSE,MONOPRIX,17.67,2025-08-02,Groceries
EXPENSE,ADN GESTION,1050.00,2025-08-01,Housing
EXPENSE,SUREAVENIR,300.00,2025-08-01,Finance
EXPENSE,PEA YOMONI,400.00,2025-08-01,Finance
EXPENSE,MONOPRIX,23.09,2025-07-31,Groceries
INCOME,DATADOG FRANCE,2874.76,2025-07-30,Salary
EXPENSE,THOMANN DE,312.44,2025-07-29,Travel
EXPENSE,MONOPRIX,16.98,2025-07-29,Groceries
EXPENSE,BIO COOP LES PA,1.99,2025-07-26,Lifestyle
EXPENSE,LE FOURNIL DE NOGENT,3.80,2025-07-26,Groceries
EXPENSE,PUB PINCE VENT,11.80,2025-07-26,Lifestyle
EXPENSE,NORAUTO 11,230.77,2025-07-26,Transport
INCOME,DGFIP FINANCES PUBLIQU,2119.00,2025-07-25,Taxes
EXPENSE,MONOPRIX,12.70,2025-07-23,Groceries
EXPENSE,EDF,35.06,2025-07-22,Housing
EXPENSE,VELIB - SMOVENGO,4.00,2025-07-21,Travel
EXPENSE,MONOPRIX,16.63,2025-07-21,Groceries
EXPENSE,THOMANN DE,1231.39,2025-07-18,Travel
EXPENSE,COTISATIONS BANCAIRES,17.40,2025-07-17,Finance
INCOME,REMISE COTISATIONS,5.99,2025-07-17,Finance
INCOME,REMISE COTISATIONS,1.08,2025-07-17,Finance
EXPENSE,HONG NGOC,6.50,2025-07-15,Groceries
EXPENSE,MONOPRIX,22.81,2025-07-14,Groceries
EXPENSE,LE FOURNIL DE NOGENT,6.30,2025-07-12,Groceries
EXPENSE,SFR,13.99,2025-07-11,Housing
EXPENSE,SANTANDER CONSUMER FRANCE,180.97,2025-07-11,Finance
INCOME,SAS AIH FP,51.35,2025-07-11,Finance
EXPENSE,MONOPRIX,12.66,2025-07-10,Groceries
EXPENSE,SWISSLIFE ASSURANCE RETRAITE,355.53,2025-07-10,Finance
EXPENSE,RETRAIT D'ESPECES CB BRED NOGENT SUR,20.00,2025-07-08,Transfer
EXPENSE,MONOPRIX,27.78,2025-07-07,Groceries
EXPENSE,AXA,93.12,2025-07-07,Finance
EXPENSE,BPCE ASSURANCES,9.90,2025-07-07,Finance
EXPENSE,AMAZON,33.89,2025-07-06,Lifestyle
EXPENSE,MONOPRIX,38.18,2025-07-06,Groceries
EXPENSE,UCPA SPORT VACANCES,561.00,2025-07-05,Travel
EXPENSE,LE FOURNIL DE NOGENT,2.40,2025-07-05,Groceries
EXPENSE,BOUYGUES TELECOM,32.99,2025-07-04,Housing
EXPENSE,MONOPRIX,28.12,2025-07-03,Groceries
INCOME,Juliette DORN,445.00,2025-07-02,Lifestyle
EXPENSE,SUREAVENIR,300.00,2025-07-01,Finance
EXPENSE,PEA YOMONI,400.00,2025-07-01,Finance
EXPENSE,MONOPRIX,13.98,2025-06-30,Groceries
EXPENSE,ADN GESTION,1070.20,2025-06-30,Housing
INCOME,DATADOG FRANCE,3157.27,2025-06-30,Salary
EXPENSE,SARL DIOUF,34.30,2025-06-29,Transport
EXPENSE,Distribution Gu,147.00,2025-06-28,Housing
EXPENSE,L ELEPHANT BLEU,10.00,2025-06-28,Transport
EXPENSE,ALTERMARCHE,51.00,2025-06-28,Groceries
EXPENSE,MC DONALD'S,23.75,2025-06-26,Groceries
EXPENSE,GRIMC,29.00,2025-06-25,Restaurants
EXPENSE,EDF,35.06,2025-06-23,Housing
EXPENSE,MONOPRIX,3.85,2025-06-21,Groceries
EXPENSE,MONOPRIX,27.15,2025-06-21,Groceries
EXPENSE,YOL,9.00,2025-06-20,Groceries
EXPENSE,MAISON DES SAVE,5.00,2025-06-19,Groceries
EXPENSE,UGC,3.80,2025-06-18,Travel
INCOME,DATADOG FRANCE,179.46,2025-06-18,Salary
EXPENSE,MONOPRIX,19.66,2025-06-17,Groceries
EXPENSE,UGC,15.90,2025-06-17,Travel
EXPENSE,MONOPRIX,11.85,2025-06-16,Groceries
EXPENSE,MATHIEU CHARBONNEL,92.76,2025-06-16,Uncategorized
INCOME,REMISE COTISATIONS,1.08,2025-06-16,Finance
INCOME,REMISE COTISATIONS,5.99,2025-06-16,Finance
EXPENSE,COTISATIONS BANCAIRES,17.40,2025-06-16,Finance
EXPENSE,ENGLITALIA SARL,140.75,2025-06-15,Restaurants
EXPENSE,COFIROUTE,8.20,2025-06-14,Transport
EXPENSE,COFIROUTE,25.90,2025-06-14,Transport
EXPENSE,E.LECLERC,50.21,2025-06-14,Transport
EXPENSE,E.LECLERC,5.50,2025-06-14,Transport
EXPENSE,COFIROUTE,23.90,2025-06-13,Transport
EXPENSE,LE SAVIGNOIS,48.00,2025-06-13,Restaurants
EXPENSE,ESSOSTLEGER EN,11.44,2025-06-13,Transport
EXPENSE,BKG HOTEL AT BO,55.62,2025-06-13,Travel
EXPENSE,BP ESSO ST LEGE,66.50,2025-06-13,Transport
EXPENSE,SELECTA AGIP A1,2.80,2025-06-13,Lifestyle
EXPENSE,SFR,13.99,2025-06-12,Housing
EXPENSE,SANTANDER CONSUMER FRANCE,180.97,2025-06-11,Finance
INCOME,SAS AIH FP,51.35,2025-06-11,Finance
EXPENSE,SWISSLIFE ASSURANCE RETRAITE,355.53,2025-06-10,Finance
EXPENSE,ENI9273FENIOUXO,3.85,2025-06-09,Transport
EXPENSE,SHELL,6.70,2025-06-09,Transport
EXPENSE,PEAGE AUTOROUTE,22.40,2025-06-09,Transport
EXPENSE,COFIROUTE,6.50,2025-06-09,Transport
EXPENSE,SHELL,51.12,2025-06-09,Transport
EXPENSE,SIGNORIZZA,30.40,2025-06-08,Restaurants
EXPENSE,TOTAL,60.22,2025-06-07,Transport
EXPENSE,BOUILLON ST LAU,22.22,2025-06-07,Restaurants
EXPENSE,PUB SAINT GERMAIN,27.10,2025-06-06,Travel
INCOME,SAS AIH FP,50.57,2025-06-06,Finance
EXPENSE,ANGELIQUE,62.00,2025-06-05,Travel
EXPENSE,MONOPRIX,22.04,2025-06-05,Groceries
INCOME,DATADOG FRANCE,270.97,2025-06-05,Salary
EXPENSE,AXA,93.12,2025-06-05,Finance
EXPENSE,BOUYGUES TELECOM,19.99,2025-06-05,Housing
EXPENSE,BPCE ASSURANCES,12.31,2025-06-05,Finance
EXPENSE,MONOPRIX,8.97,2025-06-04,Groceries
EXPENSE,RETRAIT D'ESPECES CB BRED NOGENT SUR,20.00,2025-06-04,Transfer
EXPENSE,Jimmy Fairly,100.00,2025-06-03,Health
EXPENSE,MONOPRIX,30.81,2025-06-03,Groceries
EXPENSE,DECATHLON PARIS,55.99,2025-06-02,Travel
INCOME,CB Dickieslife Eur,75.00,2025-06-02,Income
EXPENSE,PEA YOMONI,400.00,2025-06-02,Finance
EXPENSE,SUREAVENIR,300.00,2025-06-02,Finance
EXPENSE,ADN GESTION,1060.00,2025-06-02,Housing
INCOME,Juliette DORN,445.00,2025-06-02,Lifestyle
EXPENSE,MONOPRIX,25.81,2025-06-01,Groceries
EXPENSE,LE CHAMBOULE TOUT SAS,31.00,2025-06-01,Groceries
EXPENSE,PUB PINCE VENT,6.90,2025-05-31,Lifestyle
EXPENSE,LE FOURNIL DE NOGENT,1.10,2025-05-31,Groceries
EXPENSE,NORAUTO 11,220.00,2025-05-31,Transport
EXPENSE,MONOPRIX,4.89,2025-05-30,Groceries
INCOME,DATADOG FRANCE,3929.40,2025-05-28,Salary
EXPENSE,MONOPRIX,16.85,2025-05-27,Groceries
EXPENSE,YOL,9.00,2025-05-26,Groceries
EXPENSE,LE FOURNIL DE NOGENT,5.00,2025-05-25,Groceries
EXPENSE,MONOPRIX,25.37,2025-05-25,Groceries
EXPENSE,MONOPRIX,11.47,2025-05-23,Groceries
EXPENSE,EDF,35.06,2025-05-22,Housing
EXPENSE,MONOPRIX,15.56,2025-05-21,Groceries
INCOME,DATADOG FRANCE,18.43,2025-05-21,Salary
EXPENSE,MONOPRIX,16.00,2025-05-20,Groceries
EXPENSE,MONOPRIX,13.58,2025-05-19,Groceries
EXPENSE,HP INSTANT GAMI,5.72,2025-05-18,Travel
EXPENSE,LE CHAMBOULE TOUT SAS,67.80,2025-05-17,Groceries
EXPENSE,COTISATIONS BANCAIRES,17.40,2025-05-15,Finance
INCOME,REMISE COTISATIONS,5.93,2025-05-15,Finance
EXPENSE,SFR,19.16,2025-05-14,Housing
EXPENSE,SWISSLIFE ASSURANCE RETRAITE,355.53,2025-05-12,Finance
EXPENSE,SANTANDER CONSUMER FRANCE,180.97,2025-05-12,Finance
EXPENSE,N26 MARTIN GUYARD,500.00,2025-05-12,Transfer
EXPENSE,JULIETTE,250.00,2025-05-12,Lifestyle
EXPENSE,RETRAIT D'ESPECES CB BNP,20.00,2025-05-12,Transfer
EXPENSE,FNAC,21.99,2025-05-11,Lifestyle
EXPENSE,N26 MARTIN GUYARD,250.00,2025-05-10,Transfer
EXPENSE,INDIGO,30.00,2025-05-09,Transport
EXPENSE,MONOPRIX,11.81,2025-05-09,Groceries
EXPENSE,LE FOURNIL DE NOGENT,3.80,2025-05-08,Groceries
EXPENSE,KOKRABI,75.00,2025-05-07,Restaurants
EXPENSE,STUDIO HAIR'S,28.00,2025-05-06,Lifestyle
EXPENSE,MONOPRIX,10.11,2025-05-06,Groceries
EXPENSE,MONOPRIX,10.22,2025-05-06,Groceries
EXPENSE,FRAIS BANCAIRES,1.51,2025-05-06,Finance
EXPENSE,BOUYGUES TELECOM,19.99,2025-05-05,Housing
EXPENSE,AXA,93.12,2025-05-05,Finance
EXPENSE,MONOPRIX,30.15,2025-05-04,Groceries
EXPENSE,Samsonite,178.99,2025-05-04,Lifestyle
EXPENSE,LE FOURNIL DE NOGENT,2.50,2025-05-03,Groceries
EXPENSE,MONOPRIX,16.54,2025-05-02,Groceries
EXPENSE,UNIQLO EUROPE L,95.50,2025-05-02,Lifestyle
EXPENSE,Dickieslife Eur,75.00,2025-05-02,Lifestyle
EXPENSE,ADN GESTION,1678.00,2025-05-02,Housing
INCOME,Juliette DORN,745.00,2025-05-02,Lifestyle
EXPENSE,PEA YOMONI,400.00,2025-05-02,Finance
EXPENSE,SUREAVENIR,300.00,2025-05-02,Finance
INCOME,DATADOG FRANCE,3001.30,2025-04-30,Salary
EXPENSE,MONOPRIX,16.61,2025-04-29,Groceries
INCOME,HENNER-GMC,23.73,2025-04-28,Health
EXPENSE,USCUSTOMS ESTA,18.56,2025-04-27,Finance
EXPENSE,SARL CISEAU D'OR,20.00,2025-04-26,Lifestyle
EXPENSE,Bexley,55.30,2025-04-26,Lifestyle
EXPENSE,MONOPRIX,25.94,2025-04-26,Groceries
EXPENSE,MONOPRIX,12.99,2025-04-26,Groceries
EXPENSE,ZEN NOGENT,11.34,2025-04-25,Lifestyle
EXPENSE,HIPPOPOTAMUS,99.20,2025-04-24,Lifestyle
EXPENSE,MONOPRIX,12.48,2025-04-24,Groceries
EXPENSE,EDF,35.06,2025-04-23,Housing
INCOME,CPAM 94,31.61,2025-04-23,Income
INCOME,HENNER-GMC,84.00,2025-04-22,Health
EXPENSE,MONOPRIX,16.97,2025-04-21,Groceries
EXPENSE,MAISON DES SAVE,3.80,2025-04-21,Groceries
EXPENSE,LE CHAMBOULE TOUT SAS,25.40,2025-04-20,Groceries
EXPENSE,RUDY'S,139.00,2025-04-20,Lifestyle
EXPENSE,MONOPRIX,18.33,2025-04-20,Groceries
EXPENSE,MONOPRIX,15.91,2025-04-19,Groceries
EXPENSE,YOL,9.00,2025-04-18,Groceries
EXPENSE,SELARL DU DOCTEUR MICHAEL GOZLAN,59.34,2025-04-17,Health
EXPENSE,LE FOURNIL DE NOGENT,2.40,2025-04-17,Groceries
EXPENSE,SuitSupply,439.00,2025-04-16,Lifestyle
EXPENSE,COTISATIONS BANCAIRES,17.40,2025-04-16,Finance
INCOME,REMISE COTISATIONS,5.93,2025-04-16,Finance
EXPENSE,SWISSLIFE ASSURANCE RETRAITE,355.53,2025-04-14,Finance
EXPENSE,SFR,13.99,2025-04-11,Housing
EXPENSE,SANTANDER CONSUMER FRANCE,180.97,2025-04-11,Finance
INCOME,SAS AIH FP,46.65,2025-04-11,Finance
EXPENSE,MONOPRIX,8.22,2025-04-10,Groceries
EXPENSE,LE FOURNIL DE NOGENT,3.80,2025-04-10,Groceries
EXPENSE,YOL,9.00,2025-04-09,Groceries
EXPENSE,HAST PARIS,245.00,2025-04-09,Lifestyle
EXPENSE,PLUMETTE ROTISS,15.80,2025-04-08,Groceries
INCOME,SAS ST LA GARONNE FP,8000.00,2025-04-08,Finance
INCOME,SAS ST LA GARONNE FP,37.35,2025-04-08,Finance
EXPENSE,MONOPRIX,18.34,2025-04-07,Groceries
EXPENSE,AXA,93.12,2025-04-07,Finance
EXPENSE,LE FOURNIL DE NOGENT,3.80,2025-04-06,Groceries
EXPENSE,LE CHAMBOULE TOUT SAS,27.80,2025-04-06,Groceries
EXPENSE,INDIGO,30.00,2025-04-06,Transport
EXPENSE,BIO COOP LES PA,9.46,2025-04-05,Lifestyle
EXPENSE,MONOPRIX,29.64,2025-04-05,Groceries
EXPENSE,MONOPRIX,16.79,2025-04-05,Groceries
EXPENSE,BOUYGUES TELECOM,19.99,2025-04-04,Housing
EXPENSE,STUDIO HAIR'S,28.00,2025-04-03,Lifestyle
EXPENSE,PLUMETTE ROTISS,7.90,2025-04-03,Groceries
EXPENSE,LE FOURNIL DE NOGENT,3.80,2025-04-03,Groceries
EXPENSE,ROCHETTE CLAIRE,65.00,2025-04-03,Health
EXPENSE,MONOPRIX,22.04,2025-04-01,Groceries
EXPENSE,ADN GESTION,1035.00,2025-04-01,Housing
EXPENSE,SUREAVENIR,300.00,2025-04-01,Finance
EXPENSE,PEA YOMONI,400.00,2025-04-01,Finance
INCOME,Juliette DORN,430.00,2025-03-31,Lifestyle
EXPENSE,MONOPRIX,11.18,2025-03-30,Groceries
EXPENSE,PLUMETTE ROTISS,57.45,2025-03-29,Groceries
INCOME,DATADOG FRANCE,3001.30,2025-03-28,Salary
EXPENSE,LE FOURNIL DE NOGENT,2.50,2025-03-27,Groceries
INCOME,DATADOG FRANCE,59.70,2025-03-26,Salary
EXPENSE,LE FOURNIL DE NOGENT,3.60,2025-03-25,Groceries
EXPENSE,JULIETTE,50.00,2025-03-24,Lifestyle
EXPENSE,EDF,35.06,2025-03-24,Housing
EXPENSE,N26 MARTIN GUYARD,50.00,2025-03-24,Transfer
EXPENSE,TOTAL,79.95,2025-03-22,Transport
EXPENSE,N26 MARTIN GUYARD,20.00,2025-03-22,Transfer
EXPENSE,MONOPRIX,4.68,2025-03-18,Groceries
EXPENSE,PASS NAVIGO / IMAGIN-R,59.70,2025-03-17,Transport
EXPENSE,POISSON CREATIO,2.00,2025-03-16,Lifestyle
EXPENSE,POISSON CREATIO,4.50,2025-03-16,Lifestyle
EXPENSE,DECATHLON,26.97,2025-03-15,Travel
EXPENSE,MONOPRIX,16.79,2025-03-15,Groceries
EXPENSE,VOIRIE VILLIERS,1.50,2025-03-15,Transport
EXPENSE,SYLTELLE LAVAGE,4.00,2025-03-15,Transport
EXPENSE,SYLTELLE LAVAGE,10.00,2025-03-15,Transport
EXPENSE,Champs sur Marn,41.36,2025-03-15,Health
EXPENSE,AU VIEUX CAMPEU,130.81,2025-03-14,Travel
EXPENSE,COTISATIONS BANCAIRES,17.40,2025-03-14,Finance
INCOME,REMISE COTISATIONS,5.93,2025-03-14,Finance
EXPENSE,SFR,13.99,2025-03-14,Housing
INCOME,HENNER-GMC,43.90,2025-03-13,Health
EXPENSE,MONOPRIX,18.31,2025-03-12,Groceries
EXPENSE,MONOPRIX,5.03,2025-03-11,Groceries
EXPENSE,SANTANDER CONSUMER FRANCE,180.97,2025-03-11,Finance
EXPENSE,MONOPRIX,7.97,2025-03-10,Groceries
EXPENSE,SWISSLIFE ASSURANCE RETRAITE,355.53,2025-03-10,Finance
INCOME,SAS ST LA GARONNE FP,46.65,2025-03-10,Finance
INCOME,SAS AIH FP,46.65,2025-03-10,Finance
EXPENSE,MONOPRIX,32.15,2025-03-09,Groceries
EXPENSE,INDIGO,30.00,2025-03-09,Transport
EXPENSE,CHAMBOULE TOUT,95.60,2025-03-08,Groceries
EXPENSE,BIO COOP LES PA,8.38,2025-03-06,Lifestyle
EXPENSE,MONOPRIX,15.03,2025-03-06,Groceries
INCOME,Juliette DORN,430.00,2025-03-05,Lifestyle
EXPENSE,BOUYGUES TELECOM,19.99,2025-03-05,Housing
EXPENSE,AXA,93.12,2025-03-05,Finance
EXPENSE,MONOPRIX,7.02,2025-03-04,Groceries
EXPENSE,SUREAVENIR,300.00,2025-03-03,Finance
EXPENSE,PICARD 191,6.90,2025-03-02,Groceries
EXPENSE,MONOPRIX,24.44,2025-03-02,Groceries
EXPENSE,MONOPRIX,10.50,2025-03-01,Groceries
EXPENSE,ADN GESTION,1040.00,2025-03-01,Housing
EXPENSE,PEA YOMONI,400.00,2025-03-01,Finance
EXPENSE,CHAMBOULE TOUT,25.90,2025-02-28,Groceries
INCOME,DATADOG FRANCE,65.67,2025-02-28,Salary
INCOME,DATADOG FRANCE,3001.30,2025-02-28,Salary
EXPENSE,MONOPRIX,8.99,2025-02-27,Groceries
EXPENSE,MONOPRIX,14.66,2025-02-27,Groceries
EXPENSE,N26 MARTIN GUYARD,20.00,2025-02-26,Transfer
EXPENSE,MONOPRIX,22.58,2025-02-24,Groceries
EXPENSE,EDF,35.06,2025-02-24,Housing
EXPENSE,PIERRE SANG ON GAMBEY,150.50,2025-02-22,Groceries
INCOME,CPAM 94,14.10,2025-02-21,Income
EXPENSE,MONOPRIX,17.66,2025-02-20,Groceries
EXPENSE,SERA,51.50,2025-02-18,Restaurants
EXPENSE,MONOPRIX,11.26,2025-02-18,Groceries
EXPENSE,DR AZUELOS ANDR,60.00,2025-02-17,Health
EXPENSE,PASS NAVIGO / IMAGIN-R,65.67,2025-02-17,Transport
EXPENSE,LE FOURNIL DE N,2.50,2025-02-16,Groceries
EXPENSE,MONOPRIX,13.52,2025-02-16,Groceries
EXPENSE,N26 MARTIN GUYARD,30.00,2025-02-15,Transfer
EXPENSE,MONOPRIX,12.35,2025-02-14,Groceries
EXPENSE,COTISATIONS BANCAIRES,17.40,2025-02-14,Finance
INCOME,REMISE COTISATIONS,5.93,2025-02-14,Finance
EXPENSE,MONOPRIX,17.87,2025-02-13,Groceries
EXPENSE,MONOPRIX,9.76,2025-02-12,Groceries
EXPENSE,SFR,13.99,2025-02-12,Housing
EXPENSE,SANTANDER CONSUMER FRANCE,180.97,2025-02-11,Finance
EXPENSE,SWISSLIFE ASSURANCE RETRAITE,355.53,2025-02-10,Finance
INCOME,SAS AIH FP,46.65,2025-02-10,Finance
INCOME,SAS ST LA GARONNE FP,46.65,2025-02-10,Finance
EXPENSE,INDIGO 940003,30.00,2025-02-09,Transport
EXPENSE,LE FOURNIL DE N,3.80,2025-02-08,Groceries
EXPENSE,RISTORANTE GIACOMO,45.50,2025-02-08,Restaurants
EXPENSE,MONOPRIX,11.59,2025-02-08,Groceries
EXPENSE,MONOPRIX,20.27,2025-02-06,Groceries
EXPENSE,MONOPRIX,11.33,2025-02-05,Groceries
EXPENSE,BOUYGUES TELECOM,19.99,2025-02-05,Housing
EXPENSE,AXA,93.12,2025-02-05,Finance
EXPENSE,SUREAVENIR,300.00,2025-02-03,Finance
EXPENSE,MONOPRIX,20.95,2025-02-01,Groceries
EXPENSE,PEA YOMONI,400.00,2025-02-01,Finance
EXPENSE,MONOPRIX,13.49,2025-01-30,Groceries
EXPENSE,ADN GESTION,1030.00,2025-01-30,Housing
INCOME,Juliette DORN,430.00,2025-01-30,Lifestyle
INCOME,DATADOG FRANCE,3001.30,2025-01-29,Salary
EXPENSE,MONOPRIX,16.95,2025-01-28,Groceries
EXPENSE,MONOPRIX,19.41,2025-01-27,Groceries
EXPENSE,LE FOURNIL DE N,3.60,2025-01-26,Groceries
EXPENSE,L Apostrophe,6.50,2025-01-25,Restaurants
EXPENSE,PICARD 191,48.74,2025-01-25,Groceries
EXPENSE,MONOPRIX,26.91,2025-01-25,Groceries
EXPENSE,EDF,35.06,2025-01-22,Housing
EXPENSE,MONOPRIX,12.57,2025-01-21,Groceries
EXPENSE,PICARD 191,16.99,2025-01-19,Groceries
EXPENSE,MONOPRIX,5.97,2025-01-19,Groceries
EXPENSE,IKEA VILLIERS,86.93,2025-01-18,Housing
EXPENSE,PHARMACIE MAIRI,34.99,2025-01-18,Health
EXPENSE,MONOPRIX,39.97,2025-01-18,Groceries
INCOME,SAS AIH FP,46.65,2025-01-17,Finance
EXPENSE,LA RICETTA,28.80,2025-01-16,Groceries
EXPENSE,COTISATIONS BANCAIRES,17.40,2025-01-16,Finance
INCOME,REMISE COTISATIONS,8.15,2025-01-16,Finance
EXPENSE,MONOPRIX,13.15,2025-01-14,Groceries
EXPENSE,SWISSLIFE ASSURANCE RETRAITE,355.53,2025-01-14,Finance
EXPENSE,MONOPRIX,7.96,2025-01-13,Groceries
EXPENSE,SFR,13.99,2025-01-13,Housing
EXPENSE,SANTANDER CONSUMER FRANCE,180.97,2025-01-13,Finance
EXPENSE,MONOPRIX,17.51,2025-01-12,Groceries
INCOME,SAS ST LA GARONNE FP,46.65,2025-01-09,Finance
EXPENSE,MONOPRIX,19.74,2025-01-07,Groceries
EXPENSE,AXA,93.12,2025-01-06,Finance
EXPENSE,BOUYGUES TELECOM,19.99,2025-01-06,Housing
EXPENSE,LE FOURNIL DE N,3.80,2025-01-05,Groceries
EXPENSE,MONOPRIX,12.30,2025-01-05,Groceries
EXPENSE,Bulk,64.03,2025-01-05,Lifestyle
INCOME,Juliette DORN,430.00,2025-01-02,Lifestyle
EXPENSE,ADN GESTION,1045.00,2025-01-02,Housing
EXPENSE,PEA YOMONI,400.00,2025-01-02,Finance
EXPENSE,SUREAVENIR,300.00,2025-01-02,Finance
INCOME,DATADOG FRANCE,2946.09,2024-12-30,Salary
INCOME,Juliette DORN,36.00,2024-12-30,Lifestyle
EXPENSE,MONOPRIX,13.64,2024-12-29,Groceries
EXPENSE,BLEND BEAUMARCH,39.90,2024-12-28,Restaurants
EXPENSE,PLUMETTE ROTISS,37.89,2024-12-26,Groceries
EXPENSE,THE NEW PRETTY,53.00,2024-12-24,Lifestyle
EXPENSE,PARFUMERIECHATE,109.50,2024-12-24,Lifestyle
EXPENSE,ETS NICOLAS,91.70,2024-12-24,Groceries
EXPENSE,LE FOURNIL DE N,2.50,2024-12-23,Groceries
EXPENSE,EDF,35.06,2024-12-23,Housing
EXPENSE,MONOPRIX,13.28,2024-12-22,Groceries
EXPENSE,LE FOURNIL DE N,3.60,2024-12-21,Groceries
EXPENSE,MONOPRIX,9.15,2024-12-21,Groceries
EXPENSE,ZEN NOGENT,11.14,2024-12-20,Lifestyle
EXPENSE,FNAC.COM,12.99,2024-12-17,Lifestyle
EXPENSE,COTISATIONS BANCAIRES,16.80,2024-12-16,Finance
INCOME,REMISE COTISATIONS,7.85,2024-12-16,Finance
EXPENSE,ATAC,64.08,2024-12-15,Transport
EXPENSE,BHARATI,22.95,2024-12-15,Restaurants
EXPENSE,ABN,6.00,2024-12-14,Travel
EXPENSE,PASSION FLEURS,35.00,2024-12-13,Lifestyle
INCOME,SAS AIH FP,46.65,2024-12-13,Finance
EXPENSE,OSTERIA,27.50,2024-12-12,Restaurants
EXPENSE,SFR,13.99,2024-12-12,Housing
EXPENSE,SWISSLIFE ASSURANCE RETRAITE,350.00,2024-12-11,Finance
EXPENSE,SANTANDER CONSUMER FRANCE,180.97,2024-12-11,Finance
EXPENSE,BON PARFUME,85.00,2024-12-10,Lifestyle
INCOME,SAS ST LA GARONNE FP,46.65,2024-12-10,Finance
EXPENSE,MONOPRIX,15.33,2024-12-09,Groceries
EXPENSE,CHOOSE,108.00,2024-12-08,Travel
EXPENSE,LE FOURNIL DE N,4.40,2024-12-08,Groceries
EXPENSE,MONOPRIX,8.07,2024-12-08,Groceries
EXPENSE,LA FERME DU MOULIN,11.90,2024-12-07,Groceries
EXPENSE,MONOPRIX,8.25,2024-12-07,Groceries
EXPENSE,MONNAIE SERVICES,22.99,2024-12-06,Lifestyle
INCOME,DATADOG FRANCE,86.40,2024-12-06,Salary
INCOME,DATADOG FRANCE,43.20,2024-12-05,Salary
EXPENSE,BOUYGUES TELECOM,19.99,2024-12-05,Housing
EXPENSE,AXA,93.12,2024-12-05,Finance
EXPENSE,INDIGO 940003,30.00,2024-12-04,Transport
EXPENSE,SERVICE NAVIGO,86.40,2024-12-02,Transport
EXPENSE,Crux club,121.33,2024-12-02,Lifestyle
INCOME,Juliette DORN,28.00,2024-12-02,Lifestyle
EXPENSE,SUREAVENIR,300.00,2024-12-02,Finance
EXPENSE,ADN GESTION,1030.00,2024-12-02,Housing
INCOME,Juliette DORN,430.00,2024-12-02,Lifestyle
EXPENSE,MONOPRIX,29.99,2024-12-01,Groceries
EXPENSE,MONOPRIX,31.59,2024-12-01,Groceries
EXPENSE,LE FOURNIL DE N,3.80,2024-11-30,Groceries
EXPENSE,LA FERME DU MOULIN,9.34,2024-11-30,Groceries
EXPENSE,MONOPRIX,13.04,2024-11-30,Groceries
EXPENSE,PEA YOMONI,1500.00,2024-11-30,Finance
EXPENSE,PEA YOMONI,3500.00,2024-11-29,Finance
INCOME,GUYARD MARTIN,585.00,2024-11-29,Transfer
INCOME,DATADOG FRANCE,2946.09,2024-11-29,Salary
EXPENSE,MONOPRIX,9.29,2024-11-27,Groceries
EXPENSE,CHEZ DONG,8.50,2024-11-26,Groceries
EXPENSE,MONOPRIX,18.05,2024-11-26,Groceries
EXPENSE,FOUGERES PARKIN,6.00,2024-11-25,Finance
EXPENSE,AVIA,7.20,2024-11-25,Transport
EXPENSE,AVIA,43.51,2024-11-25,Transport
EXPENSE,LA TRINITAINE D,15.20,2024-11-24,Groceries
EXPENSE,L'ANCRAGE,74.00,2024-11-24,Restaurants
EXPENSE,LE PENN AR BED,42.60,2024-11-23,Restaurants
EXPENSE,INTERMARCHE,58.36,2024-11-23,Transport
EXPENSE,PHIL A TABLE,87.90,2024-11-22,Restaurants
EXPENSE,STUDIO HAIR'S,94.00,2024-11-22,Lifestyle
EXPENSE,ESSO ROSNY SEIN,1.90,2024-11-22,Lifestyle
EXPENSE,MONOPRIX,26.51,2024-11-22,Groceries
EXPENSE,SAPN,4.40,2024-11-22,Transport
EXPENSE,AUTOROUTE A 13,6.20,2024-11-22,Transport
EXPENSE,SAPN,4.00,2024-11-22,Transport
EXPENSE,N26 MARTIN GUYARD,200.00,2024-11-22,Transfer
EXPENSE,EDF,35.06,2024-11-22,Housing
EXPENSE,MONOPRIX,11.89,2024-11-19,Groceries
EXPENSE,MONOPRIX,17.33,2024-11-18,Groceries
EXPENSE,BHARATI,42.30,2024-11-17,Restaurants
EXPENSE,LE FOURNIL DE N,3.90,2024-11-16,Groceries
EXPENSE,MONOPRIX,9.75,2024-11-16,Groceries
EXPENSE,LE FALSTAFF,22.90,2024-11-15,Restaurants
INCOME,REMISE COTISATIONS,7.85,2024-11-15,Finance
EXPENSE,COTISATIONS BANCAIRES,16.80,2024-11-15,Finance
INCOME,SAS AIH FP,46.65,2024-11-15,Finance
EXPENSE,SFR,13.99,2024-11-13,Housing
EXPENSE,SANTANDER CONSUMER FRANCE,180.97,2024-11-12,Finance
EXPENSE,SWISSLIFE ASSURANCE RETRAITE,350.00,2024-11-12,Finance
EXPENSE,FRAIS BANCAIRES,1.00,2024-11-11,Finance
INCOME,SAS ST LA GARONNE FP,46.65,2024-11-11,Finance
EXPENSE,WWW.CARHARTT-WI,189.00,2024-11-09,Lifestyle
EXPENSE,N26 MARTIN GUYARD,350.00,2024-11-09,Transfer
EXPENSE,HONG NGOC,5.90,2024-11-07,Groceries
EXPENSE,JULIETTE,47.00,2024-11-07,Lifestyle
EXPENSE,N26 MARTIN GUYARD,25.00,2024-11-07,Transfer
EXPENSE,MONOPRIX,8.69,2024-11-06,Groceries
EXPENSE,SERVICE NAVIGO,86.40,2024-11-05,Transport
EXPENSE,N26 MARTIN GUYARD,20.00,2024-11-05,Transfer
EXPENSE,BOUYGUES TELECOM,19.99,2024-11-05,Housing
EXPENSE,AXA,93.12,2024-11-05,Finance
INCOME,FRANCE TRAVAIL DR IDF,980.59,2024-11-04,Salary
EXPENSE,N26 MARTIN GUYARD,35.00,2024-11-04,Transfer
INCOME,Juliette DORN,65.00,2024-11-04,Lifestyle
EXPENSE,MONOPRIX,6.35,2024-11-03,Groceries
EXPENSE,SAS GITES DE FRANCE EN BRETAGNE,264.48,2024-11-02,Travel
EXPENSE,SUMUP BDK,5.00,2024-11-01,Groceries
EXPENSE,SUREAVENIR,300.00,2024-11-01,Finance
EXPENSE,GRIMC,29.00,2024-10-31,Restaurants
EXPENSE,ADN GESTION,217.00,2024-10-29,Housing
EXPENSE,ADN GESTION,1035.00,2024-10-29,Housing
INCOME,Juliette DORN,430.00,2024-10-29,Lifestyle
INCOME,DATADOG FRANCE,2029.53,2024-10-29,Salary
EXPENSE,MONOPRIX,38.40,2024-10-27,Groceries
EXPENSE,EDF,35.06,2024-10-22,Housing
EXPENSE,TOTAL,63.69,2024-10-20,Transport
EXPENSE,N26 MARTIN GUYARD,200.00,2024-10-19,Transfer
EXPENSE,N26 MARTIN GUYARD,200.00,2024-10-19,Transfer
EXPENSE,MONOPRIX,9.33,2024-10-17,Groceries
EXPENSE,JULIETTE,20.00,2024-10-17,Lifestyle
INCOME,M. GUYARD OLIVIER,560.00,2024-10-17,Finance
EXPENSE,MONOPRIX,18.59,2024-10-16,Groceries
EXPENSE,COTISATIONS BANCAIRES,16.80,2024-10-16,Finance
INCOME,REMISE COTISATIONS,7.85,2024-10-16,Finance
EXPENSE,ADN GESTION,30.00,2024-10-15,Housing
EXPENSE,SERVICE NAVIGO,86.40,2024-10-14,Transport
EXPENSE,SFR,13.99,2024-10-11,Housing
EXPENSE,SANTANDER CONSUMER FRANCE,180.97,2024-10-11,Finance
EXPENSE,SWISSLIFE ASSURANCE RETRAITE,350.00,2024-10-10,Finance
EXPENSE,N26 MARTIN GUYARD,300.00,2024-10-09,Transfer
INCOME,SAS ST LA GARONNE FP,46.65,2024-10-09,Finance
INCOME,SAS AIH FP,46.65,2024-10-09,Finance
EXPENSE,AXA,99.62,2024-10-07,Finance
EXPENSE,RECOCASH,70.05,2024-10-05,Uncategorized
EXPENSE,ADN GESTION,1000.00,2024-10-05,Housing
EXPENSE,BOUYGUES TELECOM,19.99,2024-10-04,Housing
INCOME,FRANCE TRAVAIL DR IDF,2262.90,2024-10-02,Salary
EXPENSE,FRAIS BANCAIRES,1.00,2024-10-02,Finance
INCOME,Juliette DORN,430.00,2024-10-01,Lifestyle
EXPENSE,N26 MARTIN GUYARD,1000.00,2024-10-01,Transfer
EXPENSE,SUREAVENIR,300.00,2024-10-01,Finance
EXPENSE,FORTUNEO COMPTE COURANT,200.00,2024-10-01,Transfer
INCOME,DATADOG FRANCE,1358.21,2024-09-30,Salary
EXPENSE,EDF,35.06,2024-09-23,Housing
EXPENSE,MONOPRIX,11.09,2024-09-19,Groceries
EXPENSE,MONOPRIX,20.76,2024-09-18,Groceries
EXPENSE,COTISATIONS BANCAIRES,16.80,2024-09-16,Finance
INCOME,REMISE COTISATIONS,7.85,2024-09-16,Finance
EXPENSE,MONOPRIX,14.24,2024-09-12,Groceries
EXPENSE,SFR,13.99,2024-09-12,Housing
EXPENSE,SWISSLIFE ASSURANCE RETRAITE,350.00,2024-09-11,Finance
EXPENSE,SANTANDER CONSUMER FRANCE,180.97,2024-09-11,Finance
EXPENSE,AIR FRANCE,956.65,2024-09-10,Transport
INCOME,SAS AIH FP,46.65,2024-09-10,Finance
INCOME,SAS ST LA GARONNE FP,46.65,2024-09-10,Finance
EXPENSE,MONOPRIX,29.35,2024-09-08,Groceries
EXPENSE,ADN GESTION,1010.00,2024-09-05,Housing
INCOME,FRANCE TRAVAIL DR IDF,2154.19,2024-09-05,Salary
EXPENSE,AXA,87.94,2024-09-05,Finance
EXPENSE,BOUYGUES TELECOM,19.99,2024-09-05,Housing
EXPENSE,INDIGO 940003,30.00,2024-09-03,Transport
INCOME,Juliette DORN,430.00,2024-09-03,Lifestyle
INCOME,Juliette DORN,68.00,2024-09-02,Lifestyle
EXPENSE,FORTUNEO COMPTE COURANT,200.00,2024-09-02,Transfer
EXPENSE,SUREAVENIR,300.00,2024-09-02,Finance
EXPENSE,MAXICOFFEE GC,2.30,2024-09-01,Lifestyle
INCOME,DATADOG FRANCE,1899.27,2024-08-29,Salary
EXPENSE,EDF,8.63,2024-08-23,Housing
EXPENSE,COTISATIONS BANCAIRES,16.80,2024-08-16,Finance
INCOME,REMISE COTISATIONS,7.85,2024-08-16,Finance
EXPENSE,SFR,13.99,2024-08-12,Housing
EXPENSE,SANTANDER CONSUMER FRANCE,180.97,2024-08-12,Finance
EXPENSE,SWISSLIFE ASSURANCE RETRAITE,350.00,2024-08-12,Finance
INCOME,SAS AIH FP,46.65,2024-08-06,Finance
INCOME,SAS ST LA GARONNE FP,46.65,2024-08-06,Finance
EXPENSE,ADN GESTION,1010.00,2024-08-05,Housing
EXPENSE,BOUYGUES TELECOM,19.99,2024-08-05,Housing
EXPENSE,AXA,87.94,2024-08-05,Finance
INCOME,Juliette DORN,430.00,2024-08-03,Lifestyle
INCOME,FRANCE TRAVAIL DR IDF,2154.19,2024-08-01,Salary
EXPENSE,SUREAVENIR,300.00,2024-08-01,Finance
EXPENSE,FORTUNEO COMPTE COURANT,200.00,2024-08-01,Transfer
INCOME,DATADOG FRANCE,1904.40,2024-07-29,Salary
INCOME,DGFIP FINANCES PUBLIQU,72.00,2024-07-24,Taxes
EXPENSE,EDF,33.60,2024-07-22,Housing
EXPENSE,LAURE BOURGUE,35.00,2024-07-20,Uncategorized
INCOME,SAS AIH FP,46.65,2024-07-19,Finance
EXPENSE,COTISATIONS BANCAIRES,16.80,2024-07-16,Finance
INCOME,REMISE COTISATIONS,7.85,2024-07-16,Finance
EXPENSE,JULIETTE,450.00,2024-07-15,Lifestyle
EXPENSE,SFR,13.99,2024-07-12,Housing
EXPENSE,SWISSLIFE ASSURANCE RETRAITE,350.00,2024-07-11,Finance
EXPENSE,SANTANDER CONSUMER FRANCE,180.97,2024-07-11,Finance
EXPENSE,AXA,87.94,2024-07-08,Finance
INCOME,SAS ST LA GARONNE FP,46.65,2024-07-08,Finance
EXPENSE,BOUYGUES TELECOM,21.32,2024-07-05,Housing
EXPENSE,ADN GESTION,1005.00,2024-07-04,Housing
INCOME,Juliette DORN,19.00,2024-07-03,Lifestyle
INCOME,Juliette DORN,430.00,2024-07-03,Lifestyle
INCOME,FRANCE TRAVAIL DR IDF,2059.80,2024-07-02,Salary
EXPENSE,FORTUNEO COMPTE COURANT,200.00,2024-07-01,Transfer
EXPENSE,SUREAVENIR,300.00,2024-07-01,Finance
INCOME,DATADOG FRANCE,1868.54,2024-06-28,Salary
EXPENSE,EDF,33.60,2024-06-24,Housing
EXPENSE,COTISATIONS BANCAIRES,16.80,2024-06-14,Finance
INCOME,REMISE COTISATIONS,7.85,2024-06-14,Finance
EXPENSE,SFR,13.99,2024-06-12,Housing
EXPENSE,SANTANDER CONSUMER FRANCE,180.97,2024-06-11,Finance
EXPENSE,SWISSLIFE ASSURANCE RETRAITE,350.00,2024-06-10,Finance
INCOME,SAS ST LA GARONNE FP,46.65,2024-06-10,Finance
INCOME,SAS AIH FP,46.65,2024-06-10,Finance
EXPENSE,MONOPRIX,9.83,2024-06-09,Groceries
EXPENSE,SANEF,1.50,2024-06-08,Transport
EXPENSE,SANEF,2.40,2024-06-08,Transport
EXPENSE,SANEF,2.10,2024-06-08,Transport
EXPENSE,LE FOURNIL DE N,2.20,2024-06-07,Groceries
EXPENSE,MONOPRIX,30.16,2024-06-07,Groceries
EXPENSE,AXA,87.89,2024-06-05,Finance
EXPENSE,ADN GESTION,1005.00,2024-06-03,Housing
INCOME,FRANCE TRAVAIL DR IDF,2128.46,2024-06-03,Salary
EXPENSE,SUREAVENIR,300.00,2024-06-03,Finance
INCOME,Juliette DORN,460.00,2024-06-03,Lifestyle
EXPENSE,MONOPRIX,17.26,2024-06-01,Groceries
EXPENSE,FORTUNEO COMPTE COURANT,200.00,2024-06-01,Transfer
EXPENSE,PAPA,150.00,2024-05-30,Finance
INCOME,DATADOG FRANCE,1942.47,2024-05-30,Salary
EXPENSE,MONOPRIX,22.58,2024-05-27,Groceries
EXPENSE,MONOPRIX,26.72,2024-05-24,Groceries
EXPENSE,EDF,33.60,2024-05-22,Housing
INCOME,MARTIN JEROME WILLIAM G,160.47,2024-05-18,Transfer
EXPENSE,COTISATIONS BANCAIRES,16.80,2024-05-16,Finance
INCOME,REMISE COTISATIONS,7.85,2024-05-16,Finance
EXPENSE,SFR,14.65,2024-05-13,Housing
EXPENSE,SANTANDER CONSUMER FRANCE,180.97,2024-05-13,Finance
EXPENSE,FORTUNEO,200.00,2024-05-13,Transfer
EXPENSE,ADN GESTION,1250.00,2024-05-11,Housing
EXPENSE,SWISSLIFE ASSURANCE RETRAITE,350.00,2024-05-10,Finance
INCOME,Juliette DORN,460.00,2024-05-09,Lifestyle
INCOME,SAS AIH FP,46.65,2024-05-08,Finance
INCOME,SAS ST LA GARONNE FP,46.65,2024-05-08,Finance
EXPENSE,AXA,87.89,2024-05-06,Finance
INCOME,FRANCE TRAVAIL DR IDF,2059.80,2024-05-02,Salary
EXPENSE,SUREAVENIR,300.00,2024-05-02,Finance
INCOME,DATADOG FRANCE,2403.76,2024-04-29,Salary
INCOME,Juliette DORN,155.00,2024-04-29,Lifestyle
EXPENSE,EDF,33.60,2024-04-22,Housing
EXPENSE,LA BELLE VIE,113.26,2024-04-20,Groceries
EXPENSE,ADN GESTION,180.00,2024-04-16,Housing
EXPENSE,COTISATIONS BANCAIRES,16.80,2024-04-16,Finance
INCOME,REMISE COTISATIONS,7.85,2024-04-16,Finance
